               epoch,      train/box_loss,      train/obj_loss,      train/cls_loss,   metrics/precision,      metrics/recall,     metrics/mAP_0.5,metrics/mAP_0.5:0.95,        val/box_loss,        val/obj_loss,        val/cls_loss,               x/lr0,               x/lr1,               x/lr2
                   0,            0.066779,            0.032723,            0.051442,             0.50695,             0.41142,             0.41932,             0.19653,            0.055016,            0.015918,            0.023719,            0.070116,           0.0033205,           0.0033205
                   1,            0.053463,            0.028597,            0.030553,             0.60381,             0.45188,             0.49976,             0.24584,            0.052557,            0.015074,            0.020183,            0.040083,           0.0066209,           0.0066209
                   2,            0.053955,            0.027907,             0.03014,             0.51404,              0.4218,             0.43463,             0.19526,            0.055027,            0.015496,            0.024045,            0.010017,           0.0098883,           0.0098883
                   3,            0.054354,             0.02815,            0.030688,             0.57029,              0.4624,             0.48705,             0.23808,            0.052576,            0.015299,            0.020891,           0.0098515,           0.0098515,           0.0098515
                   4,            0.052687,            0.027101,            0.029817,             0.58623,             0.46126,             0.49621,             0.24838,            0.052269,            0.015392,            0.020797,           0.0098515,           0.0098515,           0.0098515
                   5,            0.052976,            0.027638,            0.028745,              0.6026,             0.47676,             0.51858,             0.25641,            0.051328,            0.014974,              0.0197,            0.009802,            0.009802,            0.009802
                   6,            0.051695,            0.027014,            0.027685,             0.59154,             0.49614,             0.52788,             0.26824,            0.050956,            0.014864,            0.018969,           0.0097525,           0.0097525,           0.0097525
                   7,            0.051614,            0.027058,            0.028063,             0.61705,             0.49615,             0.53852,             0.27364,            0.050132,            0.014668,            0.018952,            0.009703,            0.009703,            0.009703
                   8,            0.050891,            0.026713,            0.027136,             0.63647,              0.5082,              0.5493,             0.28424,             0.04936,            0.014743,            0.019095,           0.0096535,           0.0096535,           0.0096535
                   9,            0.051029,            0.026617,            0.026263,             0.66443,             0.50915,             0.57799,              0.3049,            0.049149,            0.014489,            0.017517,            0.009604,            0.009604,            0.009604
                  10,            0.050353,            0.026884,             0.02596,             0.65161,             0.51298,             0.57092,             0.29882,             0.04877,             0.01467,            0.017375,           0.0095545,           0.0095545,           0.0095545
                  11,            0.049987,            0.026589,            0.025919,             0.64912,             0.51695,             0.57709,             0.30751,            0.048799,            0.014389,            0.017635,            0.009505,            0.009505,            0.009505
                  12,            0.049946,            0.026116,            0.025567,             0.65899,             0.53422,             0.58806,             0.31856,            0.047867,             0.01432,             0.01671,           0.0094555,           0.0094555,           0.0094555
                  13,            0.049618,            0.026536,            0.025006,             0.66663,             0.54285,             0.59343,             0.32783,            0.047363,            0.014407,            0.016505,            0.009406,            0.009406,            0.009406
                  14,            0.050139,            0.026698,            0.024716,             0.67012,             0.54463,              0.5967,             0.32413,            0.047711,            0.014366,            0.016565,           0.0093565,           0.0093565,           0.0093565
                  15,            0.049405,            0.026219,            0.025021,             0.68629,             0.54209,             0.60321,             0.32991,            0.047065,            0.014132,            0.016314,            0.009307,            0.009307,            0.009307
                  16,            0.050152,            0.027104,            0.024453,              0.6716,             0.53791,             0.59652,              0.3307,            0.047061,            0.014224,            0.015995,           0.0092575,           0.0092575,           0.0092575
                  17,            0.049351,            0.026582,            0.024782,             0.69622,             0.54822,             0.61812,             0.34455,            0.046438,            0.014186,            0.015511,            0.009208,            0.009208,            0.009208
                  18,            0.049088,            0.026239,            0.024625,             0.68554,              0.5548,             0.62172,             0.34214,            0.046401,            0.014266,            0.015343,           0.0091585,           0.0091585,           0.0091585
                  19,            0.048419,            0.026065,            0.024051,             0.67546,             0.55949,             0.61243,             0.34179,            0.046159,            0.014105,            0.015769,            0.009109,            0.009109,            0.009109
                  20,            0.048806,            0.026352,            0.024364,             0.70448,              0.5515,             0.62729,             0.34966,            0.046284,            0.014033,            0.015032,           0.0090595,           0.0090595,           0.0090595
                  21,            0.049201,            0.026455,            0.024031,             0.70204,             0.55967,             0.62687,             0.35096,            0.045877,            0.014064,             0.01494,             0.00901,             0.00901,             0.00901
                  22,            0.048862,             0.02643,            0.024055,             0.70759,             0.57837,             0.64137,             0.36259,            0.045636,            0.013928,             0.01433,           0.0089605,           0.0089605,           0.0089605
                  23,            0.048495,            0.026014,            0.023691,             0.70642,             0.57854,              0.6443,             0.36444,            0.045586,            0.014187,            0.014917,            0.008911,            0.008911,            0.008911
                  24,            0.048344,            0.026285,            0.023753,             0.70714,              0.5765,              0.6416,             0.36434,             0.04528,            0.013932,            0.014293,           0.0088615,           0.0088615,           0.0088615
                  25,            0.047963,            0.026525,             0.02343,             0.70942,             0.57673,             0.64317,             0.36731,            0.045178,             0.01399,              0.0143,            0.008812,            0.008812,            0.008812
                  26,             0.04798,            0.025507,            0.023761,             0.72157,             0.57843,             0.64789,             0.37131,            0.045016,            0.013868,            0.013989,           0.0087625,           0.0087625,           0.0087625
                  27,             0.04824,             0.02635,            0.024019,             0.72359,             0.58033,             0.65161,             0.37407,            0.044802,            0.013815,               0.014,            0.008713,            0.008713,            0.008713
                  28,            0.047638,            0.026606,            0.022811,              0.7112,             0.58112,             0.64759,              0.3739,             0.04469,            0.013848,            0.014053,           0.0086635,           0.0086635,           0.0086635
                  29,            0.047999,            0.025846,            0.023529,             0.70816,              0.5922,             0.65495,             0.37505,            0.044497,            0.013856,            0.013855,            0.008614,            0.008614,            0.008614
                  30,            0.047549,            0.025945,            0.022885,             0.71384,             0.59716,             0.65856,             0.38177,             0.04436,            0.013817,            0.013677,           0.0085645,           0.0085645,           0.0085645
                  31,             0.04759,            0.026205,            0.022966,             0.72102,             0.59306,             0.66114,              0.3843,            0.044285,            0.013754,            0.013559,            0.008515,            0.008515,            0.008515
                  32,            0.047279,            0.025601,            0.023084,             0.72668,             0.58566,             0.65731,              0.3847,            0.044222,            0.013727,            0.013691,           0.0084655,           0.0084655,           0.0084655
                  33,            0.047155,            0.025826,            0.022814,             0.72019,             0.59702,             0.66375,             0.38901,            0.044052,            0.013709,             0.01339,            0.008416,            0.008416,            0.008416
                  34,            0.047916,            0.025925,            0.023202,             0.73114,             0.59146,             0.66313,              0.3893,            0.043902,             0.01369,            0.013316,           0.0083665,           0.0083665,           0.0083665
                  35,            0.047526,            0.025789,            0.023056,             0.71905,             0.60093,             0.66547,             0.39076,            0.043885,            0.013713,            0.013286,            0.008317,            0.008317,            0.008317
                  36,            0.047422,            0.025879,            0.023114,             0.71219,             0.60389,             0.66714,             0.39119,            0.043802,            0.013654,            0.013247,           0.0082675,           0.0082675,           0.0082675
                  37,             0.04705,            0.025608,            0.022356,             0.71324,             0.61586,             0.67257,             0.39397,            0.043746,            0.013666,            0.013131,            0.008218,            0.008218,            0.008218
                  38,            0.047223,            0.025845,            0.022775,             0.72386,             0.60976,             0.67437,             0.39707,            0.043525,            0.013628,            0.013034,           0.0081685,           0.0081685,           0.0081685
                  39,            0.047656,            0.025685,            0.023474,             0.72757,             0.60745,             0.67532,              0.4005,            0.043429,            0.013614,            0.012881,            0.008119,            0.008119,            0.008119
                  40,            0.047082,            0.025963,            0.022479,             0.72964,              0.6078,             0.67581,              0.3999,            0.043288,            0.013588,            0.012952,           0.0080695,           0.0080695,           0.0080695
                  41,            0.046621,            0.025434,            0.021729,             0.72426,             0.61376,             0.67761,             0.40141,            0.043191,            0.013575,            0.012894,             0.00802,             0.00802,             0.00802
                  42,            0.047128,            0.025548,            0.021889,             0.73934,             0.60936,             0.68022,             0.40375,            0.043148,            0.013545,            0.012814,           0.0079705,           0.0079705,           0.0079705
                  43,            0.046546,             0.02588,            0.022205,             0.73486,             0.61428,             0.68065,             0.40536,            0.043073,            0.013537,            0.012761,            0.007921,            0.007921,            0.007921
                  44,            0.047452,            0.025644,            0.022022,             0.72782,             0.62334,             0.68357,             0.40798,            0.042974,            0.013534,            0.012644,           0.0078715,           0.0078715,           0.0078715
                  45,             0.04643,            0.025716,            0.021775,             0.73563,             0.61528,             0.68339,             0.40891,            0.042923,            0.013504,            0.012612,            0.007822,            0.007822,            0.007822
                  46,            0.047076,            0.026387,            0.021251,             0.73419,             0.61567,             0.68484,             0.40874,              0.0429,             0.01347,            0.012549,           0.0077725,           0.0077725,           0.0077725
                  47,            0.046607,            0.025739,            0.021462,             0.73077,              0.6189,             0.68454,             0.40956,            0.042816,            0.013462,            0.012488,            0.007723,            0.007723,            0.007723
                  48,            0.046863,            0.025688,            0.021932,             0.74567,             0.61037,             0.68457,             0.41026,            0.042756,            0.013476,            0.012492,           0.0076735,           0.0076735,           0.0076735
                  49,            0.046745,            0.025884,            0.021657,             0.74288,             0.61091,             0.68381,             0.41129,            0.042678,            0.013469,            0.012451,            0.007624,            0.007624,            0.007624
                  50,            0.046813,            0.026016,            0.021395,             0.74231,             0.61417,              0.6858,             0.41203,            0.042615,             0.01346,            0.012439,           0.0075745,           0.0075745,           0.0075745
                  51,            0.046108,            0.025145,            0.021746,             0.74965,             0.61279,             0.68789,             0.41316,            0.042554,            0.013448,            0.012451,            0.007525,            0.007525,            0.007525
                  52,            0.046167,            0.025133,            0.021927,             0.73981,              0.6184,              0.6887,             0.41378,            0.042482,             0.01344,            0.012344,           0.0074755,           0.0074755,           0.0074755
                  53,            0.046344,            0.026062,            0.021069,             0.74503,             0.61824,             0.69148,             0.41462,            0.042429,            0.013423,            0.012292,            0.007426,            0.007426,            0.007426
                  54,            0.046521,            0.025743,            0.021635,             0.73884,             0.62307,              0.6925,             0.41613,            0.042381,            0.013408,            0.012235,           0.0073765,           0.0073765,           0.0073765
                  55,            0.046382,            0.025942,             0.02134,             0.74266,             0.62152,             0.69215,             0.41703,            0.042332,            0.013401,            0.012279,            0.007327,            0.007327,            0.007327
                  56,            0.046713,            0.025345,            0.021043,             0.74282,             0.62148,             0.69206,              0.4172,            0.042297,            0.013405,            0.012278,           0.0072775,           0.0072775,           0.0072775
                  57,            0.045632,            0.024893,            0.021667,             0.74204,             0.62295,             0.69307,              0.4189,            0.042242,            0.013401,            0.012239,            0.007228,            0.007228,            0.007228
                  58,            0.045727,             0.02561,            0.021286,             0.74827,             0.62123,             0.69317,             0.41904,            0.042216,            0.013399,            0.012209,           0.0071785,           0.0071785,           0.0071785
                  59,            0.046364,            0.025215,            0.020543,              0.7444,             0.62368,             0.69383,             0.41991,            0.042182,            0.013399,            0.012176,            0.007129,            0.007129,            0.007129
                  60,            0.046108,            0.025714,            0.021668,             0.74904,             0.62265,             0.69407,             0.42005,            0.042154,            0.013395,            0.012143,           0.0070795,           0.0070795,           0.0070795
                  61,            0.045656,            0.025233,            0.021194,             0.74174,             0.62694,             0.69396,             0.42012,            0.042129,            0.013389,            0.012128,             0.00703,             0.00703,             0.00703
                  62,             0.04623,            0.025636,            0.020881,             0.74549,             0.62739,             0.69518,             0.42126,            0.042107,            0.013384,            0.012102,           0.0069805,           0.0069805,           0.0069805
                  63,            0.046143,             0.02591,            0.020942,             0.74806,             0.62615,             0.69521,             0.42176,            0.042083,            0.013381,            0.012076,            0.006931,            0.006931,            0.006931
                  64,            0.045511,             0.02533,            0.020639,             0.75156,             0.62536,             0.69593,             0.42213,            0.042062,            0.013378,            0.012059,           0.0068815,           0.0068815,           0.0068815
                  65,            0.045436,            0.025056,            0.021217,             0.74769,             0.62893,             0.69703,             0.42251,            0.042031,            0.013371,             0.01204,            0.006832,            0.006832,            0.006832
                  66,            0.046114,            0.025797,            0.020626,             0.74863,             0.62979,              0.6975,             0.42323,               0.042,            0.013365,            0.012009,           0.0067825,           0.0067825,           0.0067825
                  67,            0.045751,            0.025307,            0.020948,             0.74452,             0.63051,             0.69768,              0.4241,            0.041977,            0.013363,            0.011987,            0.006733,            0.006733,            0.006733
                  68,             0.04601,            0.026012,             0.02111,             0.73823,             0.63287,              0.6981,             0.42438,            0.041954,            0.013361,            0.011976,           0.0066835,           0.0066835,           0.0066835
                  69,            0.045153,            0.025212,            0.020924,             0.73842,             0.63354,             0.69834,             0.42472,             0.04193,            0.013356,            0.011962,            0.006634,            0.006634,            0.006634
                  70,            0.045919,            0.025586,             0.02081,             0.74387,             0.62961,             0.69858,             0.42515,            0.041908,            0.013353,            0.011946,           0.0065845,           0.0065845,           0.0065845
                  71,            0.045796,            0.025698,            0.020245,             0.74584,             0.62895,              0.6983,             0.42502,            0.041887,             0.01335,            0.011938,            0.006535,            0.006535,            0.006535
                  72,            0.045511,            0.025273,            0.020415,             0.74767,             0.62896,              0.6986,             0.42515,            0.041866,            0.013347,            0.011926,           0.0064855,           0.0064855,           0.0064855
                  73,            0.045524,            0.025657,            0.019968,             0.74379,             0.63011,             0.69884,             0.42545,            0.041846,            0.013345,            0.011913,            0.006436,            0.006436,            0.006436
                  74,            0.045218,            0.025555,            0.020297,             0.74599,             0.62912,              0.6993,             0.42588,            0.041831,            0.013342,              0.0119,           0.0063865,           0.0063865,           0.0063865
                  75,             0.04511,            0.025318,            0.020819,             0.74653,             0.63038,             0.69913,             0.42585,            0.041814,            0.013342,             0.01189,            0.006337,            0.006337,            0.006337
                  76,            0.045311,            0.025543,             0.02047,             0.74525,             0.63031,             0.69937,              0.4262,            0.041798,            0.013341,            0.011874,           0.0062875,           0.0062875,           0.0062875
                  77,            0.045102,            0.024907,             0.02014,             0.73761,             0.63471,             0.69938,             0.42615,            0.041778,             0.01334,            0.011866,            0.006238,            0.006238,            0.006238
                  78,             0.04542,            0.025382,            0.020095,              0.7386,             0.63363,             0.69977,             0.42671,            0.041762,            0.013336,            0.011855,           0.0061885,           0.0061885,           0.0061885
                  79,            0.044727,              0.0254,              0.0198,             0.74136,             0.63402,             0.70017,              0.4269,            0.041745,            0.013335,             0.01184,            0.006139,            0.006139,            0.006139
                  80,            0.045068,            0.025301,            0.020083,             0.74557,             0.63274,             0.70034,             0.42713,            0.041727,            0.013333,             0.01183,           0.0060895,           0.0060895,           0.0060895
                  81,            0.044646,            0.024734,            0.020293,              0.7456,             0.63329,              0.7011,             0.42762,            0.041711,            0.013331,             0.01182,             0.00604,             0.00604,             0.00604
                  82,            0.045397,            0.025818,            0.020337,             0.74414,              0.6335,             0.70102,             0.42763,            0.041698,            0.013329,            0.011812,           0.0059905,           0.0059905,           0.0059905
                  83,             0.04522,            0.024937,            0.020147,             0.74586,             0.63422,             0.70143,             0.42807,            0.041685,            0.013324,            0.011797,            0.005941,            0.005941,            0.005941
                  84,            0.044706,            0.024883,            0.020129,             0.74815,             0.63123,             0.70151,             0.42826,            0.041669,            0.013321,            0.011784,           0.0058915,           0.0058915,           0.0058915
                  85,            0.044796,            0.025405,            0.019906,             0.74639,             0.63293,             0.70187,              0.4286,            0.041655,            0.013319,            0.011772,            0.005842,            0.005842,            0.005842
                  86,            0.045028,            0.025157,            0.019652,             0.74373,             0.63579,              0.7017,             0.42832,            0.041639,            0.013314,            0.011761,           0.0057925,           0.0057925,           0.0057925
                  87,            0.044828,            0.025144,            0.020017,             0.74203,             0.63727,             0.70196,             0.42867,            0.041625,             0.01331,            0.011747,            0.005743,            0.005743,            0.005743
                  88,            0.045035,            0.025221,            0.019513,             0.74164,             0.63819,             0.70194,             0.42912,            0.041613,            0.013306,            0.011733,           0.0056935,           0.0056935,           0.0056935
                  89,            0.044806,            0.025729,            0.018864,             0.73848,             0.64095,             0.70312,              0.4295,            0.041598,            0.013302,            0.011717,            0.005644,            0.005644,            0.005644
                  90,            0.044386,            0.024906,            0.019211,             0.74017,             0.64067,             0.70333,             0.42974,             0.04158,            0.013298,            0.011704,           0.0055945,           0.0055945,           0.0055945
                  91,            0.044816,            0.024944,            0.019929,             0.74027,             0.64125,             0.70372,             0.42991,            0.041563,            0.013295,             0.01169,            0.005545,            0.005545,            0.005545
                  92,            0.045374,            0.025001,            0.019651,             0.74054,             0.64209,             0.70454,             0.43033,            0.041549,            0.013291,            0.011674,           0.0054955,           0.0054955,           0.0054955
                  93,            0.044111,            0.024774,            0.018958,             0.74078,             0.64278,             0.70486,              0.4307,            0.041535,            0.013287,            0.011665,            0.005446,            0.005446,            0.005446
                  94,            0.044239,            0.024872,            0.019574,              0.7413,             0.64396,             0.70542,              0.4309,            0.041521,            0.013281,            0.011656,           0.0053965,           0.0053965,           0.0053965
                  95,            0.044355,            0.024662,            0.019133,             0.74303,             0.64334,             0.70551,              0.4314,            0.041507,            0.013276,            0.011644,            0.005347,            0.005347,            0.005347
                  96,            0.044873,            0.025684,            0.019005,             0.74394,             0.64373,              0.7058,             0.43174,            0.041493,             0.01327,             0.01163,           0.0052975,           0.0052975,           0.0052975
                  97,            0.044352,            0.024115,            0.019192,             0.74467,             0.64347,             0.70641,             0.43204,             0.04148,            0.013268,            0.011617,            0.005248,            0.005248,            0.005248
                  98,            0.044089,            0.024888,            0.019135,             0.74221,             0.64439,             0.70669,             0.43225,            0.041465,            0.013264,            0.011607,           0.0051985,           0.0051985,           0.0051985
                  99,            0.044719,            0.024941,            0.019438,             0.74294,             0.64443,             0.70665,             0.43275,            0.041449,             0.01326,            0.011599,            0.005149,            0.005149,            0.005149
                 100,             0.04461,            0.024938,            0.018669,              0.7406,              0.6451,             0.70649,             0.43298,            0.041435,            0.013254,            0.011591,           0.0050995,           0.0050995,           0.0050995
                 101,            0.044018,            0.025008,              0.0189,             0.74197,              0.6457,              0.7067,             0.43322,            0.041423,             0.01325,            0.011584,             0.00505,             0.00505,             0.00505
                 102,            0.044609,            0.024595,            0.019233,             0.74144,             0.64656,             0.70689,             0.43351,            0.041409,            0.013247,            0.011575,           0.0050005,           0.0050005,           0.0050005
                 103,            0.044275,            0.024594,            0.019224,             0.74178,             0.64706,             0.70731,              0.4337,            0.041395,            0.013243,            0.011564,            0.004951,            0.004951,            0.004951
                 104,            0.044216,            0.025204,            0.018769,             0.74307,             0.64659,              0.7074,             0.43393,            0.041382,            0.013237,            0.011554,           0.0049015,           0.0049015,           0.0049015
                 105,            0.043998,             0.02469,            0.019442,             0.74345,             0.64638,             0.70751,             0.43415,             0.04137,            0.013234,            0.011547,            0.004852,            0.004852,            0.004852
                 106,             0.04432,            0.024811,            0.018989,             0.74457,             0.64605,             0.70776,             0.43474,            0.041359,            0.013229,            0.011539,           0.0048025,           0.0048025,           0.0048025
                 107,             0.04397,            0.024481,            0.019003,             0.74333,             0.64744,             0.70787,             0.43466,            0.041348,            0.013226,            0.011528,            0.004753,            0.004753,            0.004753
                 108,            0.044237,            0.024958,            0.018852,             0.74676,             0.64673,             0.70824,             0.43505,            0.041336,            0.013222,            0.011518,           0.0047035,           0.0047035,           0.0047035
                 109,            0.044224,            0.024999,            0.018714,             0.74635,             0.64751,              0.7088,             0.43516,            0.041323,            0.013218,            0.011506,            0.004654,            0.004654,            0.004654
                 110,            0.044118,            0.024925,            0.018925,             0.74743,             0.64736,             0.70891,             0.43544,            0.041309,            0.013214,            0.011495,           0.0046045,           0.0046045,           0.0046045
                 111,            0.043914,             0.02514,            0.018794,             0.75178,              0.6455,             0.70906,             0.43587,            0.041299,            0.013211,            0.011481,            0.004555,            0.004555,            0.004555
                 112,            0.044115,            0.024776,            0.018463,             0.75248,             0.64411,             0.70894,             0.43563,            0.041287,            0.013208,            0.011469,           0.0045055,           0.0045055,           0.0045055
                 113,            0.043404,            0.024238,            0.018933,             0.75313,             0.64484,              0.7093,             0.43571,            0.041275,            0.013205,            0.011457,            0.004456,            0.004456,            0.004456
                 114,            0.044035,            0.024765,            0.018198,             0.75304,             0.64453,             0.70937,             0.43602,            0.041265,            0.013201,            0.011447,           0.0044065,           0.0044065,           0.0044065
                 115,            0.043867,            0.025302,            0.018498,             0.75485,             0.64359,             0.70931,             0.43665,            0.041254,            0.013197,            0.011435,            0.004357,            0.004357,            0.004357
                 116,            0.043621,            0.024875,            0.018971,             0.75391,             0.64411,             0.70992,             0.43688,            0.041244,            0.013192,            0.011423,           0.0043075,           0.0043075,           0.0043075
                 117,            0.043901,            0.024854,            0.019052,             0.75375,               0.645,             0.71004,             0.43682,            0.041234,            0.013189,            0.011416,            0.004258,            0.004258,            0.004258
                 118,              0.0437,            0.024435,            0.018062,              0.7528,             0.64634,              0.7102,             0.43728,            0.041222,            0.013185,            0.011406,           0.0042085,           0.0042085,           0.0042085
                 119,            0.043353,            0.024756,            0.018046,             0.75376,             0.64585,             0.71041,              0.4374,            0.041211,            0.013179,            0.011395,            0.004159,            0.004159,            0.004159
                 120,            0.043105,            0.024731,            0.018185,             0.75361,             0.64512,             0.71044,             0.43773,            0.041201,            0.013175,            0.011385,           0.0041095,           0.0041095,           0.0041095
                 121,            0.043476,             0.02472,            0.018518,             0.75335,             0.64518,             0.71066,             0.43773,             0.04119,             0.01317,            0.011377,             0.00406,             0.00406,             0.00406
                 122,             0.04354,            0.024914,            0.018451,             0.75132,             0.64608,             0.71058,             0.43798,             0.04118,            0.013166,            0.011369,           0.0040105,           0.0040105,           0.0040105
                 123,            0.043425,            0.024376,            0.018568,             0.75283,             0.64646,             0.71094,              0.4383,             0.04117,            0.013162,             0.01136,            0.003961,            0.003961,            0.003961
                 124,            0.043014,            0.024753,             0.01825,             0.75768,             0.64535,             0.71093,             0.43883,            0.041162,            0.013158,             0.01135,           0.0039115,           0.0039115,           0.0039115
                 125,            0.042833,            0.024226,             0.01827,             0.75043,             0.64842,               0.711,             0.43908,             0.04115,            0.013155,            0.011343,            0.003862,            0.003862,            0.003862
                 126,            0.043561,             0.02465,            0.017756,             0.75539,             0.64717,              0.7117,             0.43925,            0.041139,            0.013152,            0.011337,           0.0038125,           0.0038125,           0.0038125
                 127,             0.04285,            0.024806,            0.018232,             0.75087,              0.6496,             0.71172,             0.43932,            0.041127,            0.013148,            0.011329,            0.003763,            0.003763,            0.003763
                 128,            0.043079,            0.024675,            0.017899,             0.75064,             0.65106,             0.71196,             0.43947,            0.041116,            0.013144,            0.011324,           0.0037135,           0.0037135,           0.0037135
                 129,            0.042827,             0.02428,            0.018345,             0.75316,             0.65029,             0.71219,             0.43959,            0.041104,             0.01314,            0.011317,            0.003664,            0.003664,            0.003664
                 130,            0.042771,            0.024782,            0.017435,             0.75324,             0.65095,             0.71224,              0.4399,            0.041091,            0.013135,            0.011311,           0.0036145,           0.0036145,           0.0036145
                 131,            0.043108,             0.02505,            0.017679,             0.75438,             0.65121,             0.71285,             0.44039,            0.041077,            0.013131,              0.0113,            0.003565,            0.003565,            0.003565
                 132,            0.042852,            0.024449,            0.018149,              0.7559,              0.6508,             0.71312,             0.44043,            0.041064,            0.013127,            0.011294,           0.0035155,           0.0035155,           0.0035155
                 133,            0.042397,            0.024627,            0.017825,             0.75666,             0.65203,             0.71327,             0.44077,            0.041051,            0.013122,            0.011286,            0.003466,            0.003466,            0.003466
                 134,            0.042997,            0.024717,            0.017778,             0.75686,             0.65199,             0.71363,               0.441,            0.041037,            0.013118,            0.011278,           0.0034165,           0.0034165,           0.0034165
                 135,            0.042567,            0.024264,            0.017651,             0.75797,               0.652,             0.71408,             0.44144,            0.041025,            0.013114,            0.011268,            0.003367,            0.003367,            0.003367
                 136,            0.042662,            0.024113,            0.017536,             0.75981,             0.65043,             0.71409,              0.4417,            0.041012,             0.01311,            0.011256,           0.0033175,           0.0033175,           0.0033175
                 137,            0.042599,             0.02423,            0.017308,             0.75943,             0.65091,             0.71415,             0.44228,            0.040999,            0.013107,            0.011246,            0.003268,            0.003268,            0.003268
                 138,            0.042409,            0.024382,             0.01798,             0.75971,             0.64936,             0.71407,             0.44255,            0.040988,            0.013103,            0.011238,           0.0032185,           0.0032185,           0.0032185
                 139,            0.042803,            0.024915,            0.017494,             0.75912,             0.64914,             0.71383,             0.44286,            0.040979,            0.013099,            0.011233,            0.003169,            0.003169,            0.003169
                 140,            0.042588,             0.02433,            0.017168,             0.75918,             0.64836,             0.71391,             0.44272,            0.040967,            0.013096,            0.011229,           0.0031195,           0.0031195,           0.0031195
                 141,            0.042859,            0.024571,            0.017011,             0.76031,             0.64933,             0.71438,             0.44258,            0.040952,            0.013091,            0.011223,             0.00307,             0.00307,             0.00307
                 142,            0.041923,            0.023954,            0.016835,             0.75909,             0.65004,             0.71423,             0.44261,            0.040938,            0.013086,            0.011218,           0.0030205,           0.0030205,           0.0030205
                 143,            0.042031,            0.024538,            0.017361,             0.75759,             0.65175,              0.7145,             0.44276,            0.040927,            0.013082,            0.011212,            0.002971,            0.002971,            0.002971
                 144,            0.042825,            0.024418,            0.017707,             0.75849,             0.65169,             0.71531,             0.44297,            0.040913,            0.013078,            0.011204,           0.0029215,           0.0029215,           0.0029215
                 145,            0.042247,            0.024547,            0.017372,             0.75829,             0.65179,             0.71565,             0.44319,            0.040898,            0.013073,            0.011196,            0.002872,            0.002872,            0.002872
                 146,            0.041898,            0.024284,             0.01706,             0.75697,              0.6535,             0.71621,             0.44381,            0.040884,            0.013069,             0.01119,           0.0028225,           0.0028225,           0.0028225
                 147,            0.042162,            0.024447,            0.016988,             0.75639,             0.65327,             0.71648,             0.44421,             0.04087,            0.013065,            0.011182,            0.002773,            0.002773,            0.002773
                 148,            0.042034,            0.024085,            0.017014,             0.75742,             0.65207,             0.71669,             0.44445,            0.040856,            0.013061,            0.011176,           0.0027235,           0.0027235,           0.0027235
                 149,            0.041595,            0.024167,            0.017002,             0.75895,             0.65097,             0.71636,             0.44422,            0.040842,            0.013057,             0.01117,            0.002674,            0.002674,            0.002674
                 150,            0.042204,            0.024471,            0.017042,             0.76299,               0.648,             0.71661,             0.44431,            0.040828,            0.013053,            0.011164,           0.0026245,           0.0026245,           0.0026245
                 151,             0.04162,            0.023937,             0.01649,             0.76013,             0.65035,             0.71687,             0.44461,            0.040815,             0.01305,             0.01116,            0.002575,            0.002575,            0.002575
                 152,            0.041559,            0.023642,            0.017126,             0.75855,              0.6506,             0.71668,             0.44482,            0.040802,            0.013046,            0.011154,           0.0025255,           0.0025255,           0.0025255
                 153,            0.041779,            0.024734,            0.016412,              0.7596,             0.65032,               0.717,              0.4454,            0.040787,            0.013042,            0.011146,            0.002476,            0.002476,            0.002476
                 154,            0.041933,            0.024757,            0.016244,                0.76,             0.65064,             0.71723,             0.44558,            0.040772,            0.013039,             0.01114,           0.0024265,           0.0024265,           0.0024265
                 155,             0.04125,            0.024116,            0.016349,              0.7614,             0.64841,              0.7171,             0.44581,            0.040758,            0.013036,            0.011136,            0.002377,            0.002377,            0.002377
                 156,            0.041839,            0.024474,            0.016785,             0.76326,             0.64802,              0.7173,             0.44591,            0.040745,            0.013032,            0.011132,           0.0023275,           0.0023275,           0.0023275
                 157,            0.041492,            0.023523,            0.017019,             0.76352,             0.64913,              0.7178,             0.44625,            0.040733,            0.013029,            0.011126,            0.002278,            0.002278,            0.002278
                 158,            0.041413,            0.024226,            0.015953,             0.76072,             0.64965,             0.71749,             0.44649,             0.04072,            0.013025,            0.011121,           0.0022285,           0.0022285,           0.0022285
                 159,            0.042223,            0.024072,            0.016642,             0.75909,             0.65074,             0.71765,             0.44668,            0.040708,            0.013021,            0.011117,            0.002179,            0.002179,            0.002179
                 160,            0.041266,            0.023933,            0.015836,             0.75832,             0.65199,             0.71775,             0.44719,            0.040696,            0.013016,            0.011112,           0.0021295,           0.0021295,           0.0021295
                 161,             0.04088,            0.023701,            0.016461,              0.7592,             0.65253,             0.71805,             0.44779,            0.040682,            0.013012,            0.011105,             0.00208,             0.00208,             0.00208
                 162,            0.041266,            0.023671,            0.015975,             0.76227,             0.65222,             0.71834,             0.44791,            0.040669,            0.013008,            0.011096,           0.0020305,           0.0020305,           0.0020305
                 163,            0.040614,            0.023381,            0.016214,             0.76157,             0.65332,             0.71855,             0.44831,            0.040657,            0.013005,             0.01109,            0.001981,            0.001981,            0.001981
                 164,            0.041144,            0.023583,            0.016155,             0.76255,             0.65385,             0.71905,             0.44871,            0.040644,            0.013001,            0.011084,           0.0019315,           0.0019315,           0.0019315
                 165,            0.040661,             0.02374,            0.015895,             0.76275,             0.65314,              0.7188,             0.44856,            0.040632,            0.012997,             0.01108,            0.001882,            0.001882,            0.001882
                 166,            0.041043,            0.023725,            0.016233,             0.76352,             0.65316,             0.71904,             0.44883,            0.040621,            0.012994,            0.011073,           0.0018325,           0.0018325,           0.0018325
                 167,            0.040929,            0.023694,            0.016115,             0.76424,              0.6522,              0.7189,             0.44889,            0.040611,            0.012991,            0.011069,            0.001783,            0.001783,            0.001783
                 168,            0.040905,            0.024058,            0.015454,             0.76399,             0.65304,             0.71892,             0.44925,            0.040602,            0.012986,            0.011066,           0.0017335,           0.0017335,           0.0017335
                 169,            0.040673,            0.024409,            0.015762,             0.76444,             0.65293,             0.71882,             0.44959,             0.04059,            0.012981,            0.011058,            0.001684,            0.001684,            0.001684
                 170,            0.040767,            0.023713,            0.015418,             0.76393,              0.6524,             0.71908,             0.44987,            0.040579,            0.012977,            0.011053,           0.0016345,           0.0016345,           0.0016345
                 171,            0.040746,            0.023562,            0.015585,             0.76239,             0.65365,             0.71947,             0.45002,            0.040568,            0.012973,            0.011047,            0.001585,            0.001585,            0.001585
                 172,            0.040625,            0.023692,            0.015414,             0.76198,              0.6533,             0.71965,             0.45052,            0.040557,            0.012969,            0.011042,           0.0015355,           0.0015355,           0.0015355
                 173,            0.040436,            0.023655,            0.015598,             0.76268,             0.65407,             0.71978,             0.45076,            0.040545,            0.012965,            0.011036,            0.001486,            0.001486,            0.001486
                 174,            0.040196,            0.023835,            0.015023,             0.76367,             0.65159,              0.7199,             0.45107,            0.040533,            0.012961,            0.011033,           0.0014365,           0.0014365,           0.0014365
                 175,            0.040638,              0.0241,            0.015484,             0.76406,             0.65106,             0.71943,             0.45098,            0.040521,            0.012957,            0.011028,            0.001387,            0.001387,            0.001387
                 176,            0.040736,             0.02378,            0.015165,              0.7654,             0.65339,             0.72002,             0.45143,            0.040509,            0.012954,            0.011024,           0.0013375,           0.0013375,           0.0013375
                 177,            0.039986,            0.023651,             0.01505,             0.76294,             0.65541,             0.72033,             0.45161,            0.040498,            0.012951,            0.011022,            0.001288,            0.001288,            0.001288
                 178,            0.040284,            0.023472,            0.015361,              0.7586,              0.6584,             0.72029,             0.45194,            0.040485,            0.012947,            0.011018,           0.0012385,           0.0012385,           0.0012385
                 179,            0.040168,            0.023852,            0.014716,             0.75905,             0.65815,             0.72027,             0.45223,            0.040472,            0.012944,            0.011015,            0.001189,            0.001189,            0.001189
                 180,            0.040271,            0.023125,            0.015189,             0.75908,             0.65842,             0.72008,             0.45233,            0.040458,            0.012941,            0.011013,           0.0011395,           0.0011395,           0.0011395
                 181,             0.04014,            0.023647,            0.014943,             0.76044,              0.6586,             0.72027,              0.4525,            0.040445,            0.012937,            0.011013,             0.00109,             0.00109,             0.00109
                 182,            0.039379,            0.022886,            0.014377,              0.7587,             0.66007,             0.72069,              0.4528,            0.040432,            0.012933,            0.011011,           0.0010405,           0.0010405,           0.0010405
                 183,             0.03995,            0.023385,            0.014974,             0.75879,             0.66032,             0.72114,             0.45285,            0.040419,            0.012929,            0.011008,            0.000991,            0.000991,            0.000991
                 184,            0.040078,            0.023269,            0.015041,             0.76006,             0.66036,             0.72169,             0.45311,            0.040406,            0.012925,            0.011003,           0.0009415,           0.0009415,           0.0009415
                 185,             0.03968,            0.023287,            0.014073,             0.76123,             0.66006,             0.72166,             0.45312,            0.040396,            0.012922,            0.011002,            0.000892,            0.000892,            0.000892
                 186,            0.039769,            0.023109,            0.014447,             0.76027,             0.66092,             0.72173,             0.45355,            0.040384,            0.012918,            0.010999,           0.0008425,           0.0008425,           0.0008425
                 187,            0.039836,            0.023703,            0.014518,             0.76159,             0.66113,             0.72203,             0.45381,            0.040373,            0.012914,            0.010997,            0.000793,            0.000793,            0.000793
                 188,            0.039555,            0.023105,            0.014258,             0.76167,             0.66131,             0.72214,             0.45411,            0.040363,            0.012911,            0.010993,           0.0007435,           0.0007435,           0.0007435
                 189,            0.039895,            0.023546,            0.014276,             0.76409,             0.66004,             0.72225,             0.45439,            0.040352,            0.012907,            0.010989,            0.000694,            0.000694,            0.000694
                 190,            0.039163,             0.02341,            0.014286,             0.76444,             0.65992,             0.72243,             0.45443,            0.040342,            0.012903,            0.010987,           0.0006445,           0.0006445,           0.0006445
                 191,            0.039079,            0.023259,            0.014119,             0.76411,             0.66002,             0.72226,             0.45488,            0.040332,              0.0129,            0.010986,            0.000595,            0.000595,            0.000595
                 192,            0.039667,            0.023795,            0.013597,             0.76379,              0.6599,             0.72243,             0.45524,            0.040323,            0.012897,            0.010986,           0.0005455,           0.0005455,           0.0005455
                 193,            0.039684,            0.023873,            0.014248,             0.76522,             0.65951,             0.72261,             0.45559,            0.040313,            0.012894,            0.010985,            0.000496,            0.000496,            0.000496
                 194,            0.039239,            0.023175,            0.013543,             0.76477,             0.65994,             0.72275,             0.45583,            0.040303,            0.012891,            0.010983,           0.0004465,           0.0004465,           0.0004465
                 195,            0.039165,            0.023147,            0.013809,             0.76471,             0.65989,              0.7227,             0.45596,            0.040293,            0.012887,            0.010984,            0.000397,            0.000397,            0.000397
                 196,             0.03867,            0.023049,            0.013888,             0.76569,             0.65944,             0.72246,             0.45604,            0.040283,            0.012885,            0.010985,           0.0003475,           0.0003475,           0.0003475
                 197,            0.039122,            0.023645,            0.013449,             0.76524,             0.65905,             0.72247,             0.45618,            0.040274,            0.012882,            0.010986,            0.000298,            0.000298,            0.000298
                 198,            0.038686,            0.023093,            0.013579,             0.76646,             0.65907,             0.72265,             0.45618,            0.040264,            0.012879,            0.010988,           0.0002485,           0.0002485,           0.0002485
                 199,            0.039564,            0.023526,            0.013315,             0.76509,             0.65958,             0.72271,             0.45628,            0.040255,            0.012877,            0.010991,            0.000199,            0.000199,            0.000199
